"GEMEENTE","NIS","KBO","gemeente/stad","straat","nr","bus","postcode","gemeente2","provincie","telefoon","fax","e-mail","contactpagina","website","deelgemeenten","postcodes gemeente en deelgemeente"
"AALST","41002","0207437468","stad","Werf","9",,"9300","Aalst","Oost-Vlaanderen","053 77 93 00 ","053 73 21 19","info@aalst.be",,"http://www.aalst.be","Aalst, Gijzegem, Hofstade, Baardegem, Herdersem, Meldert, Moorsel, Erembodegem, Nieuwerkerken","9300, 9308, 9310, 9320"
"AALTER","44001","0207449544","gemeente","Europalaan","22",,"9880","Aalter","Oost-Vlaanderen","09 325 22 00�","09 325 22 40","gemeente@aalter.be",,"http://www.aalter.be","Aalter, Lotenhulle, Poeke, Bellem","9880, 9881"
"AARSCHOT","24001","0207515464","stad","Ten Drossaarde","1",,"3200","Aarschot","Vlaams-Brabant","0800 20 765","016 56 79 19","info@aarschot.be ",,"http://www.aarschot.be","Aarschot, Gelrode, Langdorp, Rillaar","3200, 3201, 3202"
"AARTSELAAR","11001","0207508932","gemeente","Baron van Ertbornstraat","1",,"2630","Aartselaar","Antwerpen","03 870 16 11","03 870 16 09","info@aartselaar.be",,"http://www.aartselaar.be",,"2630"
"AFFLIGEM","23105","0207509031","gemeente","Bellestraat","99",,"1790","Affligem","Vlaams-Brabant","053 64 00 00","053 68 04 80","info@affligem.be",,"http://www.affligem.be","Essene, Hekelgem, Teralfene","1790"
"ALKEN","73001","0207474882","gemeente","Hoogdorpstraat","38",,"3570","Alken","Limburg","011 59 99 59","011 59 99 58","gemeentebestuur@alken.be",,"http://www.alken.be",,"3570"
"ALVERINGEM","38002","0207495074","gemeente","Sint-Rijkersstraat","19",,"8690","Alveringem","West-Vlaanderen","058 28 88 81","058 28 88 83","info@alveringem.be",,"http://www.alveringem.be","Alveringem, Hoogstade, Oeren, Sint-Rijkers, Beveren-aan-de-IJzer, Gijverinkhove, Izenberge, Leisele, Stavele","8690, 8691"
"ANTWERPEN","11002","0207500123","stad","Grote Markt","1",,"2000","Antwerpen","Antwerpen","03 22 11 333","03 338 86 57","info@stad.antwerpen.be",,"http://www.antwerpen.be","Antwerpen, Berendrecht, Lillo, Zandvliet, Deurne, Borgerhout, Merksem, Ekeren, Berchem, Wilrijk, Hoboken","2000, 2018, 2020, 2030, 2040, 2050, 2060, 2100, 2140, 2170, 2180, 2600, 2610, 2660"
"ANZEGEM","34002","0207484780","gemeente","De Vierschaar","1",,"8570","Anzegem","West-Vlaanderen","056 69 44 40","056 68 09 09","info@anzegem.be",,"http://www.anzegem.be","Anzegem, Gijzelbrechtegem, Ingooigem, Vichte, Kaster, Tiegem","8570, 8572, 8573"
"ARDOOIE","37020","0216771046","gemeente","Polenplein","15",,"8850","Ardooie","West-Vlaanderen","051 74 40 40","051 74 03 69","info@ardooie.be",,"http://www.ardooie.be","Ardooie, Koolskamp","8850, 8851"
"ARENDONK","13001","0207505368","gemeente","Vrijheid","29",,"2370","Arendonk","Antwerpen","014 40 90 60","014 67 88 58","info@arendonk.be",,"http://www.arendonk.be",,"2370"
"AS","71002","0207465083","gemeente","Dorpsstraat","1","1","3665","As","Limburg","089 39 10 00","089 39 10 01","gemeente@as.be",,"http://www.as.be","As, Niel-bij-As","3665, 3668"
"ASSE","23002","0207506259","gemeente","Gemeenteplein","1",,"1730","Asse","Vlaams-Brabant","02 454 19 73","02 452 24 10","info@asse.be ",,"http://www.asse.be","Asse, Bekkerzeel, Kobbegem, Mollem, Relegem, Zellik","1730, 1731"
"ASSENEDE","43002","0207447861","gemeente","Kasteelstraat","1-3",,"9960","Assenede","Oost-Vlaanderen","09 341 95 95","09 341 95 99","gemeentebestuur@assenede.be",,"http://www.assenede.be","Assenede, Boekhoute, Bassevelde, Oosteeklo","9960, 9961, 9968"
"AVELGEM","34003","0207485770","gemeente","Kortrijkstraat","8",,"8580","Avelgem","West-Vlaanderen","056 65 30 30","056 65 30 39","info@avelgem.be",,"http://www.avelgem.be","Avelgem, Kerkhove, Waarmaarde, Outrijve, Bossuit","8580, 8581, 8582, 8583"
"BAARLE-HERTOG","13002","0207509427","gemeente","Parallelweg","1",,"2387","Baarle-Hertog","Antwerpen","014 69 80 70","014 69 80 71","gemeente@baarle-hertog.be",,"http://www.baarle-hertog.be",,"2387"
"BALEN","13003","0207537042","gemeente","Vredelaan","1",,"2490","Balen","Antwerpen","014 74 40 40","014 74 40 41","gemeentebestuur@balen.be",,"http://www.balen.be","Balen, Olmen","2491"
"BEERNEM","31003","0207527936","gemeente","Bloemendalestraat","112",,"8730","Beernem","West-Vlaanderen","050 28 91 20","050 79 04 63","gemeentehuis@beernem.be",,"http://www.beernem.be","Beernem, Oedelem, Sint-Joris","8730"
"BEERSE","13004","0207505764","gemeente","Bisschopslaan","56",,"2340","Beerse","Antwerpen","014 61 19 71","014 61 81 85","info@beerse.be",,"http://www.beerse.be","Beerse, Vlimmeren","2340"
"BEERSEL","23003","0207506358","gemeente","Alsembergsteenweg","1046",,"1652","Beersel","Vlaams-Brabant","02 359 17 17","02 359 17 18","info@beersel.be",,"http://www.beersel.be","Beersel, Lot, Alsemberg, Dworp, Huizingen","1650, 1651, 1652, 1653, 1654"
"BEGIJNENDIJK","24007","0207516058","gemeente","Kerkplein","5",,"3130","Begijnendijk","Vlaams-Brabant","016 53 66 72","016 53 26 12","info@begijnendijk.be",,"http://www.begijnendijk.be","Begijnendijk, Betekom","3130"
"BEKKEVOORT","24008","0207516157","gemeente","Eugeen Coolsstraat","17",,"3460","Bekkevoort","Vlaams-Brabant","013 46 05 60","013 32 29 77","info@bekkevoort.be",,"http://www.bekkevoort.be","Bekkevoort, Assent, Molenbeek-Wersbeek","3460, 3461"
"BERINGEN","71004","0207465281","stad","Mijnschoolstraat","88",,"3580","Beringen","Limburg","011 43 02 11","011 43 46 59","info@beringen.be",,"http://www.beringen.be","Beringen, Beverlo, Koersel, Paal","3580, 3581, 3582, 3583"
"BERLAAR","12002","0207537339","gemeente","Markt","1",,"2590","Berlaar","Antwerpen","03 410 19 00","03 482 49 14","info@berlaar.be",,"http://www.berlaar.be","Berlaar, Gestel","2590"
"BERLARE","42003","0207445485","gemeente","Dorp","22",,"9290","Berlare","Oost-Vlaanderen","052 43 25 00","052 42 26 77","onthaal@berlare.be",,"http://www.berlare.be","Berlare, Overmere, Uitbergen","9290"
"BERTEM","24009","0207516256","gemeente","Tervuursesteenweg","178",,"3060","Bertem","Vlaams-Brabant","016 49 99 99","016 49 07 25","gemeentebestuur@bertem.be",,"http://www.bertem.be","Bertem, Korbeek-Dijle, Leefdaal","3060, 3061"
"BEVER","23009","0207539616","gemeente","Plaats","10",,"1547","Bever","Vlaams-Brabant","054 58 89 25","054 58 63 93","info@bever-bievene.be",,"http://www.bever-bievene.be",,"1547"
"BEVEREN","46003","0207462313","gemeente","Stationsstraat","2",,"9120","Beveren","Oost-Vlaanderen","03 750 15 11","03 755 26 23","info@beveren.be",,"http://www.beveren.be","Beveren, Haasdonk, Kallo, Melsele, Vrasene, Doel, Kieldrecht, Verrebroek","9120, 9130"
"BIERBEEK","24011","0207516454","gemeente","Speelpleinstraat","8",,"3360","Bierbeek","Vlaams-Brabant","016 46 01 75","016 46 11 41","info@bierbeek.be",,"http://www.bierbeek.be","Bierbeek, Korbeek-Lo, Lovenjoel, Opvelp","3360"
"BILZEN","73006","0207475377","stad","Deken Paquayplein","1",,"3740","Bilzen","Limburg","089 51 92 00","089 50 11 00","info@bilzen.be",,"http://www.bilzen.be","Bilzen, Beverst, Eigenbilzen, Grote-Spouwen, Hees, Kleine-Spouwen, Mopertingen, Munsterbilzen, Rijkhoven, Rosmeer, Waltwilder, Martenslinder, Hoelbeek","3740, 3742, 3746"
"BLANKENBERGE","31004","0206684927","stad","J.F. Kennedyplein","1",,"8370","Blankenberge","West-Vlaanderen","050 636 400","050 636 404","stadhuis@blankenberge.be",,"http://www.blankenberge.be","Blankenberge, Uitkerke","8370"
"BOCHOLT","72003","0207471518","gemeente","Dorpsstraat","16",,"3950","Bocholt","Limburg","089 20 19 18","089 20 19 21","gemeente@bocholt.be",,"http://www.bocholt.be","Bocholt, Kaulille, Reppel","3950"
"BOECHOUT","11004","0207536448","gemeente","Heuvelstraat","91",,"2530","Boechout","Antwerpen","03 460 06 11","03 460 06 97","info@boechout.be",,"http://www.boechout.be","Boechout, Vremde","2530, 2531"
"BONHEIDEN","12005","0207534171","gemeente","Jacques Morrensplein","10",,"2820","Bonheiden","Antwerpen","015 50 28 00","015 50 28 59","info@bonheiden.be",,"http://www.bonheiden.be","Bonheiden, Rijmenam","2820"
"BOOM","11005","0207506952","gemeente","Antwerpsestraat","44",,"2850","Boom","Antwerpen","03 880 18 00","03 880 18 01","info@boom.be",,"http://www.boom.be",,"2850"
"BOORTMEERBEEK","24014","0207516751","gemeente","Pastorijstraat","2",,"3190","Boortmeerbeek","Vlaams-Brabant","015 51 11 45","015 51 27 64","info@boortmeerbeek.be",,"http://www.boortmeerbeek.be","Boortmeerbeek, Hever","3190, 3191"
"BORGLOON","73009","0206914361","stad","Speelhof","10",,"3840","Borgloon","Limburg","012 67 36 73","012 67 36 74","infodienst@borgloon.be",,"http://www.borgloon.be","Borgloon, Bommershoven, Broekom, Gors-Opleeuw, Gotem, Groot-Loon, Haren, Hendrieken, Hoepertingen, Jesseren, Kerniel, Kolmont, Kuttekoven, Rijkel, Voort","3840"
"BORNEM","12007","0207500420","gemeente","Hingenesteenweg","13",,"2880","Bornem","Antwerpen","03 890 69 00","03 890 69 10","gemeentebestuur@bornem.be",,"http://www.bornem.be","Bornem, Hingene, Mariekerke, Weert","2880"
"BORSBEEK","11007","0207509229","gemeente","de Robianostraat","64",,"2150","Borsbeek","Antwerpen","03 320 94 00","03 320 94 12","info@borsbeek.be",,"http://www.borsbeek.be",,"2150"
"BOUTERSEM","24016","0207516949","gemeente","Neervelpsestraat","11",,"3370","Boutersem","Vlaams-Brabant","016 72 10 60","016 72 10 76","info@boutersem.be",,"http://www.boutersem.be","Boutersem, Kerkom, Neervelp, Roosbeek, Vertrijk, Willebringen","3370"
"BRAKEL","45059","0207690262","gemeente","Marktplein","1",,"9660","Brakel","Oost-Vlaanderen","055 43 17 52","055 42 62 36","tamara.verspeeten@brakel.be",,"http://www.brakel.be","Elst, Everbeek, Michelbeke, Nederbrakel, Opbrakel, Sint-Maria-Oudenhove, Zegelsem, Parike","9660, 9661"
"BRASSCHAAT","11008","0206677801","gemeente","Bredabaan","182",,"2930","Brasschaat","Antwerpen","03 650 02 00","03 652 08 72","info@brasschaat.be",,"http://www.brasschaat.be",,"2930"
"BRECHT","11009","0207500321","gemeente","Gemeentepark","1",,"2960","Brecht","Antwerpen","03 660 25 50","03 313 71 69","gemeente@brecht.be",,"http://www.brecht.be","Brecht, Sint-Job-in-'t-Goor, Sint-Lenaarts","2960"
"BREDENE","35002","0207435092","gemeente","Centrumplein","1",,"8450","Bredene","West-Vlaanderen","059 33 91 91","059 33 00 36","gemeentebestuur@bredene.be",,"http://www.bredene.be",,"8450"
"BREE","72004","0207471617","stad","Vrijthof","10",,"3960","Bree","Limburg","089 84 85 00","089 84 85 80","info@bree.be","http://www.bree.be/cb/default.asp?iID=GGFEEF","http://www.bree.be","Bree, Beek, Gerdingen, Opitter, Tongerlo","3960"
"BRUGGE","31005","0207528035","stad","Frank van Ackerpromenade (Stationsplein)",2,,"8000","Brugge","West-Vlaanderen","050 44 80 00","050 44 80 80","info@brugge.be","http://www.brugge.be/meldpunt","http://www.brugge.be","Brugge, Koolkerke, Sint-Andries, Sint-Michiels, Assebroek, Sint-Kruis, Dudzele, Lissewege, Zeebrugge","8000, 8200, 8310, 8380"
"BUGGENHOUT","42004","0207445287","gemeente","Nieuwstraat","2",,"9255","Buggenhout","Oost-Vlaanderen","052 33 95 11","052 33 58 68","gemeente@buggenhout.be",,"http://www.buggenhout.be","Buggenhout, Opdorp","9255"
"DAMME","31006","0207528134","stad","Vissersstraat","2a",,"8340","Damme","West-Vlaanderen","050 28 87 30","050 50 11 51","stadsbestuur@damme.be",,"http://www.damme.be","Damme, Hoeke, Lapscheure, Moerkerke, Oostkerke, Sijsele","8340"
"DE HAAN","35029","0216770848","gemeente","Leopoldlaan","24",,"8420","De Haan","West-Vlaanderen","059 24 21 24","059 24 21 23","gemeentebestuur@dehaan.be",,"http://www.dehaan.be","Klemskerke, Wenduine, Vlissegem","8420, 8421"
"DE PANNE","38008","0207434597","gemeente","Zeelaan","21",,"8660","De Panne","West-Vlaanderen","058 42 16 16","058 42 16 17","info@depanne.be",,"http://www.depanne.be","De Panne, Adinkerke","8660"
"DE PINTE","44012","0207450534","gemeente","Koning Albertlaan","1",,"9840","De Pinte","Oost-Vlaanderen","09 280 80 80","09 282 99 21","secretaris@depinte.be",,"http://www.depinte.be","De Pinte, Zevergem","9840"
"DEERLIJK","34009","0207488443","gemeente","Harelbekestraat","27",,"8540","Deerlijk","West-Vlaanderen","056 69 47 20","056 69 47 21","info@deerlijk.be",,"http://www.deerlijk.be",,"8540"
"DEINZE","44011","0207450435","stad","Brielstraat","2",,"9800","Deinze","Oost-Vlaanderen","09 381 95 00","09 381 95 09","info@deinze.be",,"http://www.deinze.be","Deinze, Astene, Bachte-Maria-Leerne, Gottem, Grammene, Meigem, Petegem-aan-de-Leie, Sint-Martens-Leerne, Vinkt, Wontergem, Zeveren","9800"
"DENDERLEEUW","41011","0207439745","gemeente","Alfons De Cockstraat","1",,"9470","Denderleeuw","Oost-Vlaanderen","053 640 640","053 680 748","gemeentebestuur@denderleeuw.be",,"http://www.denderleeuw.be","Denderleeuw, Iddergem, Welle","9470, 9472, 9473"
"DENDERMONDE","42006","0207445584","stad","Franz Courtensstraat","11",,"9200","Dendermonde","Oost-Vlaanderen","052 25 10 11","052 25 10 12","stadsbestuur@dendermonde.be",,"http://www.dendermonde.be","Dendermonde, Appels, Baasrode, Grembergen, Mespelare, Oudegem, Schoonaarde, Sint-Gillis-Dendermonde","9200"
"DENTERGEM","37002","0207434203","gemeente","Kerkstraat","1",,"8720","Dentergem","West-Vlaanderen","051 63 61 03","051 63 59 00","info@dentergem.be",,"http://www.dentergem.be","Dentergem, Markegem, Oeselgem, Wakken","8720"
"DESSEL","13006","0207536943","gemeente","Hannekestraat","1",,"2480","Dessel","Antwerpen","014 38 99 20","014 37 23 89","secretariaat@dessel.be",,"http://www.dessel.be",,"2480"
"DESTELBERGEN","44013","0207450633","gemeente","Dendermondsesteenweg","430",,"9070","Destelbergen","Oost-Vlaanderen","09 228 33 09","09 228 06 34","info@destelbergen.be",,"http://www.destelbergen.be","Destelbergen, Heusden","9070"
"DIEPENBEEK","71011","0207465974","gemeente","Dorpsstraat","14",,"3590","Diepenbeek","Limburg","011 49 18 00","011 32 28 65","info@diepenbeek.be",,"http://www.diepenbeek.be",,"3590"
"DIEST","24020","0207517345","stad","Grote Markt","1",,"3290","Diest","Vlaams-Brabant","013 31 21 21","013 32 23 06","info@diest.be",,"http://www.diest.be","Diest, Deurne, Schaffen, Webbekom, Kaggevinne, Molenstede","3290, 3293, 3294"
"DIKSMUIDE","32003","0207531894","stad","Grote Markt","6",,"8600","Diksmuide","West-Vlaanderen","051 79 30 00 ","051 51 00 20","onthaal@diksmuide.be",,"http://www.diksmuide.be","Diksmuide, Beerst, Driekapellen, Esen, Kaaskerke, Keiem, Lampernisse, Leke, Nieuwkapelle, Oostkerke, Oudekapelle, Pervijze, Sint-Jacobs-Kapelle, Stuivekenskerke, Vladslo, Woumen","8600"
"DILBEEK","23016","0207507645","gemeente","Gemeenteplein","1",,"1700","Dilbeek","Vlaams-Brabant","02 451 68 00","02 451 68 01","dilbeek@dilbeek.be",,"http://www.dilbeek.be","Dilbeek, Sint-Martens-Bodegem, Sint-Ulrichs-Kapelle, Itterbeek, Groot-Bijgaarden, Schepdaal","1700, 1701, 1702, 1703"
"DILSEN-STOKKEM","72041","0207471716","stad","Europalaan","25",,"3650","Dilsen-Stokkem","Limburg","089 79 08 00","089 79 08 87","info@dilsen-stokkem.be",,"http://www.dilsen-stokkem.be","Dilsen, Elen, Lanklaar, Rotem, Stokkem","3650"
"DROGENBOS","23098","0207484186","gemeente","Grote Baan","222",,"1620","Drogenbos","Vlaams-Brabant","02 333 85 10","02 331 35 21","info@drogenbos.be",,"http://www.drogenbos.be",,"1620"
"DUFFEL","12009","0207534864","gemeente","Gemeentestraat","21",,"2570","Duffel","Antwerpen","015 31 12 02","015 31 54 01","info@duffel.be",,"http://www.duffel.be",,"2570"
"EDEGEM","11013","0207537933","gemeente","Gemeenteplein","1",,"2650","Edegem","Antwerpen","03 289 26 50","03 289 22 44","gemeentebestuur@edegem.be",,"http://www.edegem.be",,"2650"
"EEKLO","43005","0207448158","stad","Industrielaan","2",,"9900","Eeklo","Oost-Vlaanderen","09 218 28 00","09 218 28 51","info@eeklo.be",,"http://www.eeklo.be",,"9900"
"ERPE-MERE","41082","0216771244","gemeente","Oudenaardsesteenweg","458",,"9420","Erpe-Mere","Oost-Vlaanderen","053 60 34 00","053 60 34 01","gemeentebestuur@erpe-mere.be",,"http://www.erpe-mere.be","Aaigem, Bambrugge, Burst, Erondegem, Erpe, Mere, Ottergem, Vlekkem","9420"
"ESSEN","11016","0207537438","gemeente","Heuvelplein","23",,"2910","Essen","Antwerpen","03 670 01 30","03 670 01 55","info@essen.be",,"http://www.essen.be",,"2910"
"EVERGEM","44019","0207451128","gemeente","Fortune de Kokerlaan","11",,"9940","Evergem","Oost-Vlaanderen","09 216 05 00","09 253 74 89","info@evergem.be",,"http://www.evergem.be","Evergem, Ertvelde, Kluizen, Sleidinge","9940"
"GALMAARDEN","23023","0207508338","gemeente","Marktplein","17",,"1570","Galmaarden","Vlaams-Brabant","054 59 61 61","054 58 02 51","info@galmaarden.be ","http://www.galmaarden.be/contact.aspx","http://www.galmaarden.be","Galmaarden, Tollembeek, Vollezele","1570"
"GAVERE","44020","0207451326","gemeente","Markt","1",,"9890","Gavere","Oost-Vlaanderen","09 389 29 00","09 389 29 01","info@gavere.be",,"http://www.gavere.be","Gavere, Asper, Baaigem, Dikkelvenne, Semmerzake, Vurste","9890"
"GEEL","13008","0207533874","stad","Werft","20",,"2440","Geel","Antwerpen","014 56 60 00","014 56 60 74","info@geel.be",,"http://www.geel.be",,"2440"
"GEETBETS","24028","0207518137","gemeente","Dorpsstraat","7",,"3450","Geetbets","Vlaams-Brabant","011 58 65 00","011 58 65 09","info@geetbets.be ",,"http://www.geetbets.be","Geetbets, Grazen, Rummen","3450, 3454"
"GENK","71016","0207201797","stad","Stadsplein","1",,"3600","Genk","Limburg","089 65 36 00","089 65 34 70","info@genk.be",,"http://www.genk.be",,"3600"
"GENT","44021","0207451227","stad","Botermarkt","1",,"9000","Gent","Oost-Vlaanderen","09 210 10 10","09 266 53 30","gentinfo@stad.gent",,"http://www.gent.be","Gent, Mariakerke, Drongen, Wondelgem, Sint-Amandsberg, Oostakker, Desteldonk, Mendonk, Sint-Kruis-Winkel, Gentbrugge, Ledeberg, Afsnee, Sint-Denijs-Westrem, Zwijnaarde","9000, 9030, 9031, 9032, 9040, 9041, 9042, 9050, 9051, 9052"
"GERAARDSBERGEN","41018","0207485374","stad","Weverijstraat","20",,"9500","Geraardsbergen","Oost-Vlaanderen","054 43 44 45","054 43 44 90","info@geraardsbergen.be",,"http://www.geraardsbergen.be","Geraardsbergen, Goeferdinge, Moerbeke, Nederboelare, Onkerzele, Ophasselt, Overboelare, Viane, Zarlardinge, Grimminge, Idegem, Nieuwenhove, Schendelbeke, Smeerebbe-Vloerzegem, Waarbeke, Zandbergen","9500, 9506"
"GINGELOM","71017","0207466469","gemeente","Sint-Pieterstraat","1",,"3890","Gingelom","Limburg","011 88 10 31","011 83 15 79","info@gingelom.be",,"http://www.gingelom.be","Gingelom, Boekhout, Jeuk, Kortijs, Montenaken, Niel-bij-Sint-Truiden, Vorsen, Borlo, Buvingen, Mielen-Boven-Aalst, Muizen","3890, 3891"
"GISTEL","35005","0207491413","stad","Heyvaertlaan","18",,"8470","Gistel","West-Vlaanderen","059 27 02 00","059 27 02 46","info@gistel.be ",,"http://www.gistel.be","Gistel, Moere, Snaaskerke, Zevekote","8470"
"GLABBEEK","24137","0207518335","gemeente","Grotestraat","33",,"3380","Glabbeek","Vlaams-Brabant","016 77 29 29","016 77 18 38","gemeentebestuur@glabbeek.be",,"http://www.glabbeek.be","Glabbeek-Zuurbemde, Bunsbeek, Kapellen, Attenrode","3380, 3381, 3384"
"GOOIK","23024","0207508437","gemeente","Koekoekstraat","2",,"1755","Gooik","Vlaams-Brabant","02 532 41 56","02 532 09 90","info@gooik.be",,"http://www.gooik.be","Gooik, Kester, Leerbeek, Oetingen","1755"
"GRIMBERGEN","23025","0207508536","gemeente","Prinsenstraat","3",,"1850","Grimbergen","Vlaams-Brabant","02 260 12 11","02 270 12 66","gemeentebestuur@grimbergen.be",,"http://www.grimbergen.be","Grimbergen, Humbeek, Beigem, Strombeek-Bever","1850, 1851, 1852, 1853"
"GROBBENDONK","13010","0207501806","gemeente","Boudewijnstraat","4",,"2280","Grobbendonk","Antwerpen","014 51 10 20","014 50 16 18","info@grobbendonk.be",,"http://www.grobbendonk.be","Grobbenbonk, Bouwel","2280, 2288"
"HAACHT","24033","0207518632","gemeente","Wespelaarsesteenweg","85",,"3150","Haacht","Vlaams-Brabant","016 26 94 00","016 26 94 19","info@haacht.be",,"http://www.haacht.be","Haacht, Tildonk, Wespelaar","3150"
"HAALTERT","41024","0207439151","gemeente","Hoogstraat","41",,"9450","Haaltert","Oost-Vlaanderen","053 85 86 00","053 85 86 20","gemeente@haaltert.be",,"http://www.haaltert.be","Haaltert, Heldergem, Kerksken, Denderhoutem","9450, 9451"
"HALEN","71020","0207466766","stad","Markt","14",,"3545","Halen","Limburg","013 61 81 20","013 61 81 21","info@halen.be",,"http://www.halen.be","Halen, Loksbergen, Zelem","3545"
"HALLE","23027","0207535458","stad","Oudstrijdersplein","18",,"1500","Halle","Vlaams-Brabant","02 365 99 00","02 365 96 19","info@halle.be",,"http://www.halle.be","Halle, Buizingen, Lembeek","1500, 1501, 1502"
"HAM","71069","0216772234","gemeente","Dorpsstraat","19",,"3945","Ham","Limburg","013 61 10 00","013 61 10 01","info@ham.be",,"http://www.ham.be","Kwaadmechelen, Oostham","3945"
"HAMME","42008","0207445782","gemeente","Marktplein","1",,"9220","Hamme","Oost-Vlaanderen","052 47 55 11","052 47 55 50","gemeente@hamme.be",,"http://www.hamme.be","Hamme, Moerzeke","9220"
"HAMONT-ACHEL","72037","0216772630","stad","Stad","40",,"3930","Hamont-Achel","Limburg","011 51 05 00","011 44 72 37","stad@hamont-achel.be",,"http://www.hamont-achel.be","Hamont, Achel","3930"
"HARELBEKE","34013","0207492502","stad","Marktstraat","29",,"8530","Harelbeke","West-Vlaanderen","056 73 33 11","056 73 33 19","stad@harelbeke.be",,"http://www.harelbeke.be","Harelbeke, Bavikhove, Hulste","8530, 8531"
"HASSELT","71022","0207466964","stad","Groenplein","1",,"3500","Hasselt","Limburg","011 23 90 11","011 22 57 42","stadsbestuur@hasselt.be",,"http://www.hasselt.be","Hasselt, Sint-Lambrechts-Herk, Wimmertingen, Kermt, Spalbeek, Kuringen, Stokrooie, Stevoort","3500, 3501, 3510, 3511, 3512"
"HECHTEL-EKSEL","72038","0216772828","gemeente","Don Boscostraat","5",,"3940","Hechtel-Eksel","Limburg","011 73 40 37","011 73 01 54","info@hechtel-eksel.be",,"http://www.hechtel-eksel.be","Hechtel, Eksel","3940, 3941"
"HEERS","73022","0207476862","gemeente","Paardskerkhofstraat","20",,"3870","Heers","Limburg","011 48 01 01","011 48 01 19","info@heers.be",,"http://www.heers.be","Heers, Batsheers, Bovelingen, Gutshoven, Heks, Horpmaal, Klein-Gelmen, Mechelen-Bovelingen, Mettekoven, Opheers, Rukkelingen-Loon, Vechmaal, Veulen","3870"
"HEIST-OP-DEN-BERG","12014","0207535062","gemeente","Kerkplein","17",,"2220","Heist-op-den-Berg","Antwerpen","015 22 86 50","015 25 09 96","info@heist-op-den-berg.be",,"http://www.heist-op-den-berg.be","Heist-op-den-Berg, Hallaar, Booischoot, Itegem, Wiekevorst, Schriek","2220, 2221, 2222, 2223"
"HEMIKSEM","11018","0207506160","gemeente","Sint-Bernardusabdij","1",,"2620","Hemiksem","Antwerpen","03 288 26 20","03 288 26 00","informatie@hemiksem.be ","http://www.hemiksem.be/melding","http://www.hemiksem.be",,"2620"
"HERENT","24038","0207519127","gemeente","Spoorwegstraat","6",,"3020","Herent","Vlaams-Brabant","016 85 30 20","016 85 31 60","info@herent.be",,"http://www.herent.be","Herent, Veltem-Beisem, Winksele","3020"
"HERENTALS","13011","0207504675","gemeente","Augustijnenlaan","30",,"2200","Herentals","Antwerpen","014 28 50 50","014 21 78 28","info@herentals.be",,"http://www.herentals.be","Herentals, Morkhoven, Noorderwijk","2200"
"HERENTHOUT","13012","0207502004","gemeente","Bouwelse Steenweg","8",,"2270","Herenthout","Antwerpen","014 50 21 21","014 50 78 30","info@herenthout.be",,"http://www.herenthout.be",,"2270"
"HERK-DE-STAD","71024","0207467162","stad","Pikkeleerstraat","14",,"3540","Herk-de-Stad","Limburg","013 38 03 10 ","013 55 23 33","info@herk-de-stad.be",,"http://www.herk-de-stad.be","Berbroek, Donk, Schulen, Herk-de-Stad","3540"
"HERNE","23032","0207533676","gemeente","Centrum","17",,"1540","Herne","Vlaams-Brabant","02 397 11 50","02 397 11 68","gemeentebestuur@herne.be",,"http://www.herne.be","Herne, Sint-Pieters-Kapelle","1540, 1541"
"HERSELT","13013","0207502103","gemeente","Kerkstraat","1",,"2230","Herselt","Antwerpen","014 53 90 00","014 54 21 40","informatie@herselt.be ",,"http://www.herselt.be","Herselt, Ramsel","2230"
"HERSTAPPE","73028","0207477456","gemeente","Dorpsstraat","5",,"3717","Herstappe","Limburg","012 23 55 57","012 23 43 65","burgemeester.herstappe@telenet.be",,,,"3717"
"HERZELE","41027","0207439448","gemeente","Markt","20",,"9550","Herzele","Oost-Vlaanderen","053 60 70 70","053 63 08 70","administratie@herzele.be",,"http://www.herzele.be","Herzele, Hillegem, Sint-Antelinks, Sint-Lievens-Esse, Steenhuize-Wijnhuize, Woubrechtegem, Ressegem, Borsbeke","9550, 9551, 9552"
"HEUSDEN-ZOLDER","71070","0216772432","gemeente","Heldenplein","1",,"3550","Heusden-Zolder","Limburg","011 80�80�80","011 80 80 79","gemeente@heusden-zolder.be",,"http://www.heusden-zolder.be","Heusden, Zolder","3550"
"HEUVELLAND","33039","0216770056","gemeente","Bergstraat","24",,"8950","Heuvelland","West-Vlaanderen","057 45 04 50","057 44 56 04","info@heuvelland.be",,"http://www.heuvelland.be","Nieuwkerke, Dranouter, Wulvergem, Wijtschate, Westouter, Kemmel, Loker","8950, 8951, 8952, 8953, 8954, 8956, 8958"
"HOEGAARDEN","24041","0207519424","gemeente","Gemeenteplein","1",,"3320","Hoegaarden","Vlaams-Brabant","016 768 768","016 768 789","bart.hendrix@gemhoegaarden.be","http://www.gemeentehoegaarden.be/documents/contact.xml?lang=nl","http://www.gemeentehoegaarden.be","Hoegaarden, Meldert, Outgaarden","3320, 3321"
"HOEILAART","23033","0206562092","gemeente","Jan van Ruusbroecpark",,,"1560","Hoeilaart","Vlaams-Brabant","02 658 28 40","02 658 28 44","gemeente@hoeilaart.be",,"http://www.hoeilaart.be",,"1560"
"HOESELT","73032","0207477852","gemeente","Dorpsstraat","17",,"3730","Hoeselt","Limburg","089 51 03 10","089 41 39 41","secretariaat@hoeselt.be",,"http://www.hoeselt.be","Hoeselt, Romershoven, Sint-Huibrechts-Hern, Werm, Schalkhoven","3730, 3732"
"HOLSBEEK","24043","0207519622","gemeente","Dutselstraat","15",,"3220","Holsbeek","Vlaams-Brabant","016 62 95 00","016 62 12 37","secretariaat@holsbeek.be",,"http://www.holsbeek.be","Holsbeek, Kortrijk-Dutsel, Sint-Pieters-Rode, Nieuwrode","3220, 3221"
"HOOGLEDE","36006","0207490621","gemeente","Marktplaats","1",,"8830","Hooglede","West-Vlaanderen","051 20 30 30","051 20 38 26","info@hooglede.be",,"http://www.hooglede.be","Hooglede, Gits","8830"
"HOOGSTRATEN","13014","0207502202","stad","Vrijheid","149",,"2320","Hoogstraten","Antwerpen","03 340 19 11","03 340 19 66","info@hoogstraten.be",,"http://www.hoogstraten.be","Hoogstraten, Meer, Minderhout, Wortel, Meerle","2320, 2321, 2322, 2323, 2328"
"HOREBEKE","45062","0216771442","gemeente","Kerkplein","3",,"9667","Horebeke","Oost-Vlaanderen","055 45 52 35","055 45 68 33","info@horebeke.be","http://www.horebeke.be/contact.php","http://www.horebeke.be","Sint-Kornelis-Horebeke, Sint-Maria-Horebeke","9667"
"HOUTHALEN-HELCHTEREN","72039","0216773026","gemeente","Pastorijstraat ","30",,"3530","Houthalen-Helchteren","Limburg","011 49 20 00","011 49 20 01","info@houthalen-helchteren.be",,"http://www.houthalen-helchteren.be","Houthalen, Helchteren","3530"
"HOUTHULST","32006","0207532092","gemeente","Markt","1",,"8650","Houthulst","West-Vlaanderen","051 46 07 31","051 46 07 36","onthaal@houthulst.be",,"http://www.houthulst.be","Houthulst, Klerken, Merkem","8650"
"HOVE","11021","0207535557","gemeente","Geelhandlaan","1",,"2540","Hove","Antwerpen","03 460 33 30","03 454 02 88","informatie@hove.be ",,"http://www.hove.be",,"2540"
"HULDENBERG","24045","0207519820","gemeente","Gemeenteplein","1",,"3040","Huldenberg","Vlaams-Brabant","02 688 30 40","02 686 61 76","info@huldenberg.be",,"http://www.huldenberg.be","Huldenberg, Loonbeek, Neerijse, Ottenburg, Sint-Agatha-Rode","3040"
"HULSHOUT","13016","0207502497","gemeente","Prof. Dr. Vital Celenplein","2",,"2235","Hulshout","Antwerpen","015 22 40 11","015 22 40 14","info@hulshout.be",,"http://www.hulshout.be","Hulshout, Houtvenne, Westmeerbeek","2235"
"ICHTEGEM","35006","0207431332","gemeente","Stationsstraat","1",,"8480","Ichtegem","West-Vlaanderen","059 34 11 20","059 29 80 65","info@ichtegem.be",,"http://www.ichtegem.be","Ichtegem, Bekegem, Eernegem","8480"
"IEPER","33011","0207484681","stad","Ter Waarde","1",,"8900","Ieper","West-Vlaanderen","057 45 16 00","057 23 92 77","info@ieper.be",,"http://www.ieper.be","Ieper, Brielen, Dikkebus, Sint-Jan, Hollebeke, Voormezele, Zillebeke, Boezinge, Zuidschote, Elverdinge, Vlamertinge","8900, 8902, 8904, 8906, 8908"
"INGELMUNSTER","36007","0207485473","gemeente","Oostrozebekestraat","4",,"8770","Ingelmunster","West-Vlaanderen","051 33 74 00","051 31 82 83","gemeente@ingelmunster.be",,"http://www.ingelmunster.be",,"8770"
"IZEGEM","36008","0207489037","stad","Korenmarkt","10",,"8870","Izegem","West-Vlaanderen","051 33 73 00","051 31 48 67","communicatie@izegem.be",,"http://www.izegem.be","Izegem, Emelgem, Kachtem","8870"
"JABBEKE","31012","0207528629","gemeente","Dorpsstraat","3",,"8490","Jabbeke","West-Vlaanderen","050 81 02 11","050 81 01 17","gemeentehuis@jabbeke.be",,"http://www.jabbeke.be","Jabbeke, Snellegem, Stalhille, Varsenare, Zerkegem","8490"
"KALMTHOUT","11022","0207540012","gemeente","Kerkeneind","13",,"2920","Kalmthout","Antwerpen","03 620 22 11","03 620 22 04","info@kalmthout.be",,"http://www.kalmthout.be",,"2920"
"KAMPENHOUT","23038","0207533280","gemeente","Gemeentehuisstraat","16",,"1910","Kampenhout","Vlaams-Brabant","016 65 99 11","016 65 69 58","info@kampenhout.be",,"http://www.kampenhout.be","Kampenhout, Berg, Buken, Nederokkerzeel","1910"
"KAPELLEN","11023","0207534468","gemeente","Antwerpsesteenweg","130",,"2950","Kapellen","Antwerpen","03 660 66 00","03 664 41 98","gemeente@kapellen.be",,"http://www.kapellen.be",,"2950"
"KAPELLE-OP-DEN-BOS","23039","0207539913","gemeente","Marktplein","29",,"1880","Kapelle-op-den-Bos","Vlaams-Brabant","015 71 32 71","015 71 37 25","info@kapelle-op-den-bos.be",,"http://www.kapelle-op-den-bos.be","Kapelle-op-den-Bos, Nieuwenrode, Ramsdonk","1880"
"KAPRIJKE","43007","0207448356","gemeente","Veld","1",,"9970","Kaprijke","Oost-Vlaanderen","09 323 90 10","09 323 90 28","info@kaprijke.be","http://www.kaprijke.be/website/ext/forms/contacteer","http://www.kaprijke.be","Kaprijke, Lembeke","9970, 9971"
"KASTERLEE","13017","0207502596","gemeente","Markt","1",,"2460","Kasterlee","Antwerpen","014 85 00 01","014 85 07 77","info@kasterlee.be",,"http://www.kasterlee.be","Kasterlee, Lichtaart, Tielen","2460"
"KEERBERGEN","24048","0207520117","gemeente","Gemeenteplein","10",,"3140","Keerbergen","Vlaams-Brabant","015 50 90 11","015 50 90 14","info@keerbergen.be",,"http://www.keerbergen.be",,"3140"
"KINROOI","72018","0207472904","gemeente","Bree�rsteenweg","146",,"3640","Kinrooi","Limburg","089 70 03 00","089 70 24 21","info@kinrooi.be",,"http://www.kinrooi.be","Kinrooi, Kessenich, Molenbeersel, Ophoven","3640"
"KLUISBERGEN","45060","0207690757","gemeente","Parklaan","16",,"9690","Kluisbergen","Oost-Vlaanderen","055 23 16 10","055 23 16 54","info@kluisbergen.be ",,"http://www.kluisbergen.be","Berchem, Kwaremont, Ruien, Zulzeke","9690"
"KNESSELARE","44029","0207452118","gemeente","De Plaats","14",,"9910","Knesselare","Oost-Vlaanderen","09 325 74 74","09 325 74 59","info@knesselare.be",,"http://www.knesselare.be","Knesselare, Ursel","9910"
"KNOKKE-HEIST","31043","0207691252","gemeente","Alfred Verweeplein","1",,"8300","Knokke-Heist","West-Vlaanderen","050 63 01 00","050 63 01 59","knokke-heist@knokke-heist.be",,"http://www.knokke-heist.be","Knokke, Westkapelle, Heist-aan-Zee, Ramskapelle","8300, 8301"
"KOEKELARE","32010","0207532389","gemeente","Sint-Maartensplein","19",,"8680","Koekelare","West-Vlaanderen","051 58 92 01","051 58 84 96","info@koekelare.be",,"http://www.koekelare.be","Koekelare, Bovekerke, Zande","8680"
"KOKSIJDE","38014","0207494480","gemeente","Zeelaan","303",,"8670","Koksijde","West-Vlaanderen","058 53 30 30��������","058 53 30 37","info@koksijde.be",,"http://www.koksijde.be","Koksijde, Oostduinkerke, Wulpen","8670"
"KONTICH","11024","0207536250","gemeente","Gemeenteplein","1",,"2550","Kontich","Antwerpen","03 450 78 40","03 458 31 39","gemeente@kontich.be",,"http://www.kontich.be","Kontich, Waarloos","2550"
"KORTEMARK","32011","0207532488","gemeente","Stationsstraat","68",,"8610","Kortemark","West-Vlaanderen","051 56 81 21","051 57 51 20","info@kortemark.be",,"http://www.kortemark.be","Kortemark, Handzame, Werken, Zarren","8610"
"KORTENAKEN","24054","0207520711","gemeente","Dorpsplein","35",,"3470","Kortenaken","Vlaams-Brabant","011 58 62 62","011 58 20 93 ","gemeentebestuur@kortenaken.be",,"http://www.kortenaken.be","Kortenaken, Ransberg, Sint-Margriete-Houtem, Hoeleden, Kersbeek-Miskom, Waanrode","3470, 3471, 3472, 3473"
"KORTENBERG","24055","0207520810","gemeente","De Walsplein","30",,"3070","Kortenberg","Vlaams-Brabant","02 755 22 00","02 755 22 21","info@kortenberg.be",,"http://www.kortenberg.be","Kortenberg, Erps-Kwerps, Everberg, Meerbeek","3070, 3071, 3078"
"KORTESSEM","73040","0207478545","gemeente","Kerkplein","11",,"3720","Kortessem","Limburg","011 37 91 40","011 37 91 53","info@kortessem.be",,"http://www.kortessem.be","Kortessem, Vliermaalroot, Wintershoven, Guigoven, Vliermaal","3720, 3721, 3722, 3723, 3724"
"KORTRIJK","34022","0207494678","stad","Grote Markt","54",,"8500","Kortrijk","West-Vlaanderen","1777","056 27 70 09","1777@kortrijk.be ",,"http://www.kortrijk.be","Kortrijk, Bissegem, Heule, Bellegem, Kooigem, Marke, Rollegem, Aalbeke","8500, 8501, 8510, 8511"
"KRAAINEM","23099","0207484285","gemeente","Arthur Dezangr�laan","17",,"1950","Kraainem","Vlaams-Brabant","02 719 20 40","02 719 20 44","info@kraainem.be",,"http://www.kraainem.be",,"1950"
"KRUIBEKE","46013","0207463303","gemeente","O.L.Vrouwplein","18",,"9150","Kruibeke","Oost-Vlaanderen","03 740 02 10","03 740 02 11","onthaal@kruibeke.be",,"http://www.kruibeke.be","Kruibeke, Bazel, Rupelmonde","9150"
"KRUISHOUTEM","45017","0207458254","gemeente","Markt","1",,"9770","Kruishoutem","Oost-Vlaanderen","09 333 71 34","09 333 71 13","gemeentebestuur@kruishoutem.be",,"http://www.kruishoutem.be","Kruishoutem, Nokere, Wannegem-Lede","9770, 9771, 9772"
"KUURNE","34023","0207430342","gemeente","Marktplein","9",,"8520","Kuurne","West-Vlaanderen","056 73 71 11","056 70 60 15","info@kuurne.be",,"http://www.kuurne.be",,"8520"
"LAAKDAL","13053","0216769066","gemeente","Kerkstraat","21",,"2430","Laakdal","Antwerpen","013 67 01 10","013 67 25 89","info@laakdal.be",,"http://www.laakdal.be","Eindhout, Vorst, Varendonk, Veerle","2430, 2431"
"LAARNE","42010","0207445881","gemeente","Dorpsstraat","2",,"9270","Laarne","Oost-Vlaanderen","09 365 46 00","09 366 29 70","gemeentebestuur@laarne.be",,"http://www.laarne.be","Laarne, Kalken","9270"
"LANAKEN","73042","0207478743","gemeente","Jan Rosierlaan","1",,"3620","Lanaken","Limburg","089 730 730","089 72 24 87","info@lanaken.be",,"http://www.lanaken.be","Lanaken, Gelllik, Neerharen, Veldwezelt, Rekem","3620, 3621"
"LANDEN","24059","0207521206","stad","Stationsstraat","29",,"3400","Landen","Vlaams-Brabant","011 88 03 00","011 88 64 35","info@landen.be",,"http://www.landen.be","Landen, Eliksem, Ezemaal, Laar, Neerwinden, Overwinden, Rumsdorp, Wange, Waasmont, Walsbets, Walshoutem, Wezeren, Attenhoven, Neerlanden","3400, 3401, 3404"
"LANGEMARK-POELKAPELLE","33040","0216770254","gemeente","Kasteelstraat","1",,"8920","Langemark-Poelkapelle","West-Vlaanderen","057 49 09 10","057 48 60 50","info@langemark-poelkapelle.be",,"http://www.langemark-poelkapelle.be","Bikschote, Langemark, Poelkapelle","8920"
"LEBBEKE","42011","0207446079","gemeente","Flor Hofmanslaan","1",,"9280","Lebbeke","Oost-Vlaanderen","052 46 82 00","052 46 83 00","gemeentebestuur@lebbeke.be",,"http://www.lebbeke.be","Lebbeke, Wieze, Denderbelle","9280"
"LEDE","41034","0207440438","gemeente","Markt","1",,"9340","Lede","Oost-Vlaanderen","053 60 68 00 ���","053 80 33 09","info@lede.be",,"http://www.lede.be","Lede, Impe, Oordegem, Smetlede, Wanzele","9340"
"LEDEGEM","36010","0207487354","gemeente","Rollegemstraat","132",,"8880","Ledegem","West-Vlaanderen","056 89 48 00 ","056 50 51 40","info@ledegem.be",,"http://www.ledegem.be","Ledegem, Rollegem-Kapelle, Sint-Eloois-Winkel","8880"
"LENDELEDE","34025","0207491710","gemeente","Dorpsplein","1",,"8860","Lendelede","West-Vlaanderen","051 33 63 00","051 33 63 07","info@lendelede.be",,"http://www.lendelede.be",,"8860"
"LENNIK","23104","0216769264","gemeente","Markt","18",,"1750","Lennik","Vlaams-Brabant","02 532 41 15","02 532 21 75","info@lennik.be",,"http://www.lennik.be","Gaasbeek, Sint-Kwintens-Lennik, Sint-Martens-Lennik","1750"
"LEOPOLDSBURG","71034","0207468152","gemeente","Koningin Astridplein","37",,"3970","Leopoldsburg","Limburg","011 34 92 10","011 34 83 78","info@leopoldsburg.be",,"http://www.leopoldsburg.be","Leopoldsburg, Heppen","3970, 3971"
"LEUVEN","24062","0207521503","stad","Professor Van Overstraetenplein","1",,"3000","Leuven","Vlaams-Brabant","016 27 20 00","016 27 29 55","secretariaat@leuven.be",,"http://www.leuven.be","Leuven, Heverlee, Kessel-Lo, Wilsele, Wijgmaal","3000, 3001, 3010, 3012, 3018"
"LICHTERVELDE","36011","0207435785","gemeente","Marktplaats","2",,"8810","Lichtervelde","West-Vlaanderen","051 72 94 30","051 72 94 36","info@lichtervelde.be",,"http://www.lichtervelde.be",,"8810"
"LIEDEKERKE","23044","0207538725","gemeente","Opperstraat","31",,"1770","Liedekerke","Vlaams-Brabant",1770,"053 64 55 09","1770@liedekerke.be",,"http://www.liedekerke.be",,"1770"
"LIER","12021","0207502301","stad","Paradeplein","2","1","2500","Lier","Antwerpen","03 800 03 00","03 491 61 51","info@lier.be",,"http://www.lier.be","Lier, Koningshooikt","2500"
"LIERDE","45063","0216771640","gemeente","Nieuwstraat","19",,"9570","Lierde","Oost-Vlaanderen","055 43 10 10","055 43 10 16","communicatie@lierde.be",,"http://www.lierde.be","Deftinge, Sint-Maria-Lierde, Hemelveerdegem, Sint-Martens-Lierde","9570, 9571, 9572"
"LILLE","13019","0207502794","gemeente","Rechtestraat","44",,"2275","Lille","Antwerpen","014 88 20 10","014 88 20 50","info@lille.be",,"http://www.lille.be","Lille, Gierle, Poederlee, Wechelderzande","2275"
"LINKEBEEK","23100","0207484384","gemeente","Gemeenteplein","2",,"1630","Linkebeek","Vlaams-Brabant","02 380 62 15","02 359 93 30","info@linkebeek.be",,"http://www.linkebeek.be",,"1630"
"LINT","11025","0207501410","gemeente","Koning Albertstraat","41",,"2547","Lint","Antwerpen","03 460 13 30","03 460 13 52","info@lint.be",,"http://www.lint.be",,"2547"
"LINTER","24133","0207368380","gemeente","Helen-Bosstraat","43",,"3350","Linter","Vlaams-Brabant","011 78 91 30","011 78 20 09","info@linter.be",,"http://www.linter.be","Drieslinter, Melkwezer, Neerhespen, Neerlinter, Orsmaal-Gussenhoven, Overhespen, Wommersom","3350"
"LOCHRISTI","44034","0216769858","gemeente","Dorp-West","52",,"9080","Lochristi","Oost-Vlaanderen","09 326 88 00","09 355 90 51","gemeente@lochristi.be",,"http://www.lochristi.be","Lochristi, Beervelde, Zaffelare, Zeveneken","9080"
"LOKEREN","46014","0207452514","stad","Groentemarkt","1",,"9160","Lokeren","Oost-Vlaanderen","09 340 94 11","09 340 94 79","stadsbestuur@lokeren.be",,"http://www.lokeren.be","Lokeren, Daknam, Eksaarde","9160"
"LOMMEL","72020","0207463402","stad","Hertog Janplein","1",,"3920","Lommel","Limburg","011 39 97 99","011 39 97 40","info@lommel.be",,"http://www.lommel.be",,"3920"
"LONDERZEEL","23045","0207473102","gemeente","Brusselsestraat","25",,"1840","Londerzeel","Vlaams-Brabant","052 30 36 16","052 30 50 06","info@londerzeel.be",,"http://www.londerzeel.be","Londerzeel, Malderen, Steenhuffel","1840"
"LO-RENINGE","32030","0207535755","stad","Markt","11",,"8647","Lo-Reninge","West-Vlaanderen","058�28�80�20","058 33 01 28","stadsbestuur@lo-reninge.be",,"http://www.lo-reninge.be","Lo, Noordschote, Pollinkhove, Reninge","8647"
"LOVENDEGEM","44036","0207452712","gemeente","Kerkstraat","45",,"9920","Lovendegem","Oost-Vlaanderen","09 370 70 20","09 370 70 21","onthaal@lovendegem.be ",,"http://www.lovendegem.be","Lovendegem, Vinderhoute","9920, 9921"
"LUBBEEK","24066","0207521996","gemeente","Gellenberg","16",,"3210","Lubbeek","Vlaams-Brabant","016 47 97 00","016 47 97 01","info@lubbeek.be",,"http://www.lubbeek.be","Lubbeek, Linden, Binkom, Pellenberg","3210, 3211, 3212"
"LUMMEN","71037","0207468350","gemeente","Gemeenteplein","13",,"3560","Lummen","Limburg","013 39 05 90","013 39 05 91","info@lummen.be",,"http://www.lummen.be","Lummen, Linkhout, Meldert","3560"
"MAARKEDAL","45064","0216771838","gemeente","Nederholbeekstraat","1",,"9680","Maarkedal","Oost-Vlaanderen","055 33 46 40","055 33 46 56","gemeentebestuur@maarkedal.be",,"http://www.maarkedal.be","Etikhove, Maarke-Kerkem, Nukerke, Schorisse","9680, 9681, 9688"
"MAASEIK","72021","0207473201","stad","Lekkerstraat","10",,"3680","Maaseik","Limburg","089 56 05 60","089 56 05 61","stad.maaseik@maaseik.be",,"http://www.maaseik.be","Maaseik, Neeroeteren, Opoeteren","3680"
"MAASMECHELEN","73107","0207691351","gemeente","Heirstraat","239",,"3630","Maasmechelen","Limburg","089 76 96 10","089 76 96 48","communicatie@maasmechelen.be",,"http://www.maasmechelen.be","Eisden, Leut, Mechelen-aan-de-Maas, Meeswijk, Opgrimbie, Vucht, Boorsem, Uikhoven","3630, 3631"
"MACHELEN","23047","0207539121","gemeente","Woluwestraat","1",,"1830","Machelen","Vlaams-Brabant","02 254 12 11","02 252 57 40","info@machelen.be",,"http://www.machelen.be","Machelen, Diegem","1830, 1831"
"MALDEGEM","43010","0207448554","gemeente","Marktstraat","7",,"9990","Maldegem","Oost-Vlaanderen","050 72 89 30","050 71 94 10","onthaal@maldegem.be",,"http://www.maldegem.be","Maldegem, Adegem, Middelburg","9990, 9991, 9992"
"MALLE","11057","0207537240","gemeente","Antwerpsesteenweg","246",,"2390","Malle","Antwerpen","03 310 05 11","03 311 71 10","info@malle.be",,"http://www.malle.be","Oostmalle, Westmalle","2390"
"MECHELEN","12025","0207499430","stad","Grote Markt","21",,"2800","Mechelen","Antwerpen","0800 20 800","015 29 75 10","onthaal@mechelen.be","http://www.mechelen.be/melding","http://www.mechelen.be","Mechelen, Walem, Heffen, Hombeek, Leest, Muizen","2800, 2801, 2811, 2812"
"MEERHOUT","13021","0207502992","gemeente","Markt","1",,"2450","Meerhout","Antwerpen","014 24 99 20","014 24 99 57","info@meerhout.be",,"http://www.meerhout.be",,"2450"
"MEEUWEN-GRUITRODE","72040","0216773224","gemeente","Dorpsstraat","44",,"3670","Meeuwen-Gruitrode","Limburg","011 79 01 70",,"info@meeuwen-gruitrode.be",,"http://www.meeuwen-gruitrode.be","Ellikom, Gruitrode, Meeuwen, Neerglabbeek, Wijshagen","3670"
"MEISE","23050","0207511011","gemeente","Tramlaan","8",,"1861","Meise","Vlaams-Brabant","02 892 20 00","02 270 02 61","info@meise.be ",,"http://www.meise.be","Meise, Wolvertem","1860, 1861"
"MELLE","44040","0207453009","gemeente","Gemeenteplein","1",,"9090","Melle","Oost-Vlaanderen","09 252 10 23","09 210 07 38","infodienst@melle.be",,"http://www.melle.be","Melle, Gontrode","9090"
"MENEN","34027","0207433312","stad","Grote Markt","1",,"8930","Menen","West-Vlaanderen","056 52 92 00","056 52 93 09","info@menen.be",,"http://www.menen.be","Menen, Lauwe, Rekkem","8930"
"MERCHTEM","23052","0207511110","gemeente","Nieuwstraat","1",,"1785","Merchtem","Vlaams-Brabant","052 38 11 70","052 37 41 55","info@merchtem.be",,"http://www.merchtem.be","Merchtem, Brussegem, Hamme","1785"
"MERELBEKE","44043","0207453207","gemeente","Hundelgemsesteenweg","353",,"9820","Merelbeke","Oost-Vlaanderen","09 210 32 11","09 210 32 99","gemeente@merelbeke.be",,"http://www.merelbeke.be","Merelbeke, Bottelare, Lemberge, Melsen, Munte, Schelderode","9820"
"MERKSPLAS","13023","0207503190","gemeente","Markt","1",,"2330","Merksplas","Antwerpen","014 63 94 00","014 63 94 01","info@merksplas.be",,"http://www.merksplas.be",,"2330"
"MESEN","33016","0207430441","stad","Markt","22",,"8957","Mesen","West-Vlaanderen","057 22 17 10","057 48 65 63","info@mesen.be",,"http://www.mesen.be",,"8957"
"MEULEBEKE","37007","0207489829","gemeente","Markt","1",,"8760","Meulebeke","West-Vlaanderen","051 48 80 80","051 48 54 40","info@meulebeke.be",,"http://www.meulebeke.be",,"8760"
"MIDDELKERKE","35011","0207495668","gemeente","Spermaliestraat","1",,"8430","Middelkerke","West-Vlaanderen","059 31 30 16","059 31 43 64","info@middelkerke.be",,"http://www.middelkerke.be","Middelkerke, Wilskerke, Leffinge, Mannekensvere, Schore, Sint-Pieters-Kapelle, Slijpe, Lombardsijde, Westende","8430, 8431, 8432, 8433, 8434"
"MOERBEKE","44045","0207453405","gemeente","Lindenplaats","7",,"9180","Moerbeke","Oost-Vlaanderen","09 346 80 05","09 346 64 08","secretaris@moerbeke.be","http://www.moerbeke.be/website/ext/forms/contacteer","http://www.moerbeke.be",,"9180"
"MOL","13025","0207503388","gemeente","Molenhoekstraat","2",,"2400","Mol","Antwerpen","014 33 07 11","014 33 08 46","informatie@gemeentemol.be",,"http://www.gemeentemol.be",,"2400"
"MOORSLEDE","36012","0207431629","gemeente","Marktplaats","1",,"8890","Moorslede","West-Vlaanderen","051 77 70 06 ","051 77 10 76","info@moorslede.be","http://www.moorslede.be/website/ext/forms/contacteer","http://www.moorslede.be","Moorslede, Dadizele","8890"
"MORTSEL","11029","0207536646","stad","Stadsplein","1",,"2640","Mortsel","Antwerpen","03 444 17 17","03 444 17 19","stad@mortsel.be",,"http://www.mortsel.be",,"2640"
"NAZARETH","44048","0207453801","gemeente","Dorp","1",,"9810","Nazareth","Oost-Vlaanderen","09 382 82 82","09 382 82 99","info@nazareth.be",,"http://www.nazareth.be","Nazareth, Eke","9810"
"NEERPELT","72025","0207473694","gemeente","Kerkplein","1",,"3910","Neerpelt","Limburg","011 80 97 40","011 66 36 52","info@neerpelt.be",,"http://www.neerpelt.be","Neerpelt, Sint-Huibrechts-Lille","3910"
"NEVELE","44049","0207454096","gemeente","Cyriel Buyssestraat","15",,"9850","Nevele","Oost-Vlaanderen","09 321 92 00","09 321 92 99","secretariaat@nevele.be",,"http://www.nevele.be","Nevele, Hansbeke, Landegem, Merendree, Poesele, Vosselare","9850"
"NIEL","11030","0207536151","gemeente","Ridder Berthoutlaan","1",,"2845","Niel","Antwerpen","03 451 11 10","03 451 11 69","informatiedienst@niel.be",,"http://www.niel.be",,"2845"
"NIEUWERKERKEN","71045","0207469142","gemeente","Kerkstraat","113",,"3850","Nieuwerkerken","Limburg","011 48 03 60","011 67 37 00","info@nieuwerkerken.be",,"http://www.nieuwerkerken.be","Nieuwerkerken, Binderveld, Kozen, Wijer","3850"
"NIEUWPOORT","38016","0207485869","stad","Marktplein","7",,"8620","Nieuwpoort","West-Vlaanderen","058 22 44 44","058 22 44 45","info@nieuwpoort.be",,"http://www.nieuwpoort.be","Nieuwpoort, Ramskapelle, Sint-Joris","8620"
"NIJLEN","12026","0206636526","gemeente","Kerkstraat","4",,"2560","Nijlen","Antwerpen","03 410 02 11","03 481 70 48","info@nijlen.be",,"http://www.nijlen.be","Nijlen, Bevel, Kessel","2560"
"NINOVE","41048","0207441527","stad","Centrumlaan","100",,"9400","Ninove","Oost-Vlaanderen","054 31 32 33","054 32 38 49","stadsbestuur@ninove.be",,"http://www.ninove.be","Ninove, Appelterre-Eichem, Denderwindeke, Lieferinge, Nederhasselt, Okegem, Voorde, Pollare, Meerbeke, Neigem, Aspelare, Outer","9400, 9401, 9402, 9403, 9404, 9406"
"OLEN","13029","0207503784","gemeente","Dorp","1",,"2250","Olen","Antwerpen","014 26 31 11","014 26 31 20","info@olen.be",,"http://www.olen.be",,"2250"
"OOSTENDE","35013","0207436775","stad","Vindictivelaan","1",,"8400","Oostende","West-Vlaanderen","059 80 55 00","059 80 65 47","stadsbestuur@oostende.be",,"http://www.oostende.be","Oostende, Stene, Zandvoorde","8400"
"OOSTERZELE","44052","0207454294","gemeente","Dorp","1",,"9860","Oosterzele","Oost-Vlaanderen","09 362 50 09","09 362 49 33","info@oosterzele.be",,"http://www.oosterzele.be","Oosterzele, Balegem, Gijzenzele, Landskouter, Moortsele, Scheldewindeke","9860"
"OOSTKAMP","31022","0207529520","gemeente","Siemenslaan ","1",,"8020","Oostkamp","West-Vlaanderen","050 819 819","050 55 24 08","info@oostkamp.be",,"http://www.oostkamp.be","Oostkamp, Hertsberge, Ruddervoorde, Waardamme","8020"
"OOSTROZEBEKE","37010","0207436676","gemeente","Ernest Brengierstraat","6",,"8780","Oostrozebeke","West-Vlaanderen","056 67 11 20","056 67 11 27","gemeente@oostrozebeke.be ",,"http://www.oostrozebeke.be",,"8780"
"OPGLABBEEK","71047","0207469340","gemeente","Kapelstraat","1",,"3660","Opglabbeek","Limburg","089 81 01 00","089 85 37 79","info@opglabbeek.be","http://www.opglabbeek.be/node/64","http://www.opglabbeek.be",,"3660"
"OPWIJK","23060","0207511803","gemeente","Ringlaan ","20",,"1745","Opwijk","Vlaams-Brabant","052 36 51 11","052 36 51 03","info@opwijk.be",,"http://www.opwijk.be","Opwijk, Mazenzele","1745"
"OUDENAARDE","45035","0207523679","stad","Tussenmuren","17",,"9700","Oudenaarde","Oost-Vlaanderen","055 31 46 01","055 30 13 45","stad@oudenaarde.be",,"http://www.oudenaarde.be","Oudenaarde, Bevere, Edelare, Eine, Ename, Heurne, Leupegem, Mater, Melden, Mullem, Nederename, Ooike, Volkegem, Welden","9700"
"OUDENBURG","35014","0207503982","stad","Weststraat","24",,"8460","Oudenburg","West-Vlaanderen","059 56 84 20","059 26 54 06","info@oudenburg.be",,"http://www.oudenburg.be","Oudenburg, Ettelgem, Roksem, Westkerke","8460"
"OUD-HEVERLEE","24086","0308252043","gemeente","Gemeentestraat","2",,"3054","Oud-Heverlee","Vlaams-Brabant","016 38 88 00","013 38 88 09","secretariaat@oud-heverlee.be",,"http://www.oud-heverlee.be","Oud-Heverlee, Sint-Joris-Weert, Blanden, Haasrode, Vaalbeek","3050, 3051, 3052, 3053, 3054"
"OUD-TURNHOUT","13031","0207491215","gemeente","Dorp","31",,"2360","Oud-Turnhout","Antwerpen","014 46 22 11","014 46 22 22","info@oud-turnhout.be",,"http://www.oud-turnhout.be",,"2360"
"OVERIJSE","23062","0207512001","gemeente","Begijnhof","17",,"3090","Overijse","Vlaams-Brabant","02 687 60 40 ","02 687 95 03","info@overijse.be",,"http://www.overijse.be",,"3090"
"OVERPELT","72029","0207474090","gemeente","Oude Markt","2",,"3900","Overpelt","Limburg","011 809 400","011 809 401","gemeente@overpelt.be",,"http://www.overpelt.be",,"3900"
"PEER","72030","0207474189","stad","Zuidervest","2A",,"3990","Peer","Limburg","011 61 07 00","011 61 07 01","info@peer.be",,"http://www.peer.be","Peer, Grote-Brogel, Kleine-Brogel, Wijchmaal","3990"
"PEPINGEN","23064","0207512197","gemeente","Ninoofsesteenweg","116",,"1670","Pepingen","Vlaams-Brabant","02 356 58 84","02 356 11 50","info@pepingen.be",,"http://www.pepingen.be","Pepingen, Bogaarden, Heiskruis, Elingen, Beert, Bellingen","1670, 1671, 1673, 1674"
"PITTEM","37011","0207432916","gemeente","Markt","1",,"8740","Pittem","West-Vlaanderen","051 46 03 50","051 46 03 70","gemeente@pittem.be","http://www.pittem.be/website/ext/forms/contacteer","http://www.pittem.be","Pittem, Egem","8740"
"POPERINGE","33021","0206751837","stad","Grote Markt","1",,"8970","Poperinge","West-Vlaanderen","057 33 40 81","057 33 75 81","info@poperinge.be","http://www.poperinge.be/NL/contact","http://www.poperinge.be","Poperinge, Reningelst, Krombeke, Proven, Roesbrugge-Haringe, Watou","8970, 8972, 8978"
"PUTTE","12029","0207499727","gemeente","Gemeenteplein","1",,"2580","Putte","Antwerpen","015 76 78 80","015 76 78 99","info@putte.be",,"http://www.putte.be","Putte, Beerzel","2580"
"PUURS","12030","0207499826","gemeente","Hoogstraat","29",,"2870","Puurs","Antwerpen","03 890 76 76","03 890 76 94 ","info@puurs.be",,"http://www.puurs.be","Puurs, Breendonk, Liezele, Ruisbroek","2870"
"RANST","11035","0207501311","gemeente","Gustaaf Peetersstraat","7",,"2520","Ranst","Antwerpen","03 485 79 69","03 234 19 61","gemeente@ranst.be",,"http://www.ranst.be","Ranst, Broechem, Emblem, Oelegem","2520"
"RAVELS","13035","0207504378","gemeente","Gemeentelaan","60",,"2381","Ravels","Antwerpen","014 65 67 04","014 65 94 68","info@ravels.be",,"http://www.ravels.be","Ravels, Weelde, Poppel","2380, 2381, 2382"
"RETIE","13036","0207504477","gemeente","Markt","1",,"2470","Retie","Antwerpen","014 38 92 30","014 37 27 36","gemeentebestuur@retie.be",,"http://www.retie.be",,"2470"
"RIEMST","73066","0207480921","gemeente","Maastrichtersteenweg","2b",,"3770","Riemst","Limburg","012 44 03 00","012 44 03 09","gemeentebestuur@riemst.be",,"http://www.riemst.be","Riemst, Genoelselderen, Herderen, Kanne, Membergen, Millen, Val-Meer, Vlijtingen, Vroenhoven, Zichen-Zussen-Bolder","3770"
"RIJKEVORSEL","13037","0207504576","gemeente","Molenstraat","5",,"2310","Rijkevorsel","Antwerpen","03 340 00 00","03 340 00 70","info@rijkevorsel.be",,"http://www.rijkevorsel.be",,"2310"
"ROESELARE","36015","0207432520","stad","Botermarkt","2",,"8800","Roeselare","West-Vlaanderen",1788,"051 26 22 29","1788@roeselare.be",,"http://www.roeselare.be","Roeselare, Beveren, Oekene, Rumbeke","8800"
"RONSE","45041","0207460432","stad","Grote Markt","12",,"9600","Ronse","Oost-Vlaanderen","055 23 27 11","055 23 27 18","info@ronse.be",,"http://www.ronse.be",,"9600"
"ROOSDAAL","23097","0207515365","gemeente","Brusselstraat","15",,"1760","Roosdaal","Vlaams-Brabant","054 89 13 00 ","054 89 13 01","info@roosdaal.be",,"http://www.roosdaal.be","Onze-Lieve-Vrouw-Lombeek, Pamel, Strijtem, Borchtlombeek","1760, 1761"
"ROTSELAAR","24094","0207524471","gemeente","Provinciebaan","20",,"3110","Rotselaar","Vlaams-Brabant","0800 94�154","016 61 63 93","info@rotselaar.be",,"http://www.rotselaar.be","Rotselaar, Wezemaal, Werchter","3110, 3111, 3118"
"RUISELEDE","37012","0207433015","gemeente","Markt","1",,"8755","Ruiselede","West-Vlaanderen","051 68 80 63","051 68 79 33","info@ruiselede.be",,"http://www.ruiselede.be",,"8755"
"RUMST","11037","0207510021","gemeente","Koningin Astridplein","12",,"2840","Rumst","Antwerpen","03 880 00 11","03 844 32 32","info@rumst.be",,"http://www.rumst.be","Rumst, Reet, Terhagen","2840"
"SCHELLE","11038","0207536547","gemeente","Fabiolalaan","55",,"2627","Schelle","Antwerpen","03 871 98 30","03 870 36 05","info@schelle.be",,"http://www.schelle.be",,"2627"
"SCHERPENHEUVEL-ZICHEM","24134","0216769462","stad","August Nihoulstraat","13-15",,"3270","Scherpenheuvel-Zichem","Vlaams-Brabant","013 35 24 00","013 35 24 07","info@scherpenheuvel-zichem.be",,"http://www.scherpenheuvel-zichem.be","Scherpenheuvel, Averbode, Zichem, Messelbroek, Testelt","3270, 3271, 3272"
"SCHILDE","11039","0207501707","gemeente","Brasschaatsebaan","30",,"2970","Schilde","Antwerpen","03 380 16 00","03 384 28 03","info@schilde.be",,"http://www.schilde.be","Schilde, 's Gravenwezel","2970"
"SCHOTEN","11040","0206677997","gemeente","Verbertstraat","3",,"2900","Schoten","Antwerpen","03 680 09 00","03 680 09 97","info@schoten.be",,"http://www.schoten.be",,"2900"
"SINT-AMANDS","12034","0207500222","gemeente","Livien Van der Looystraat","10",,"2890","Sint-Amands","Antwerpen","052 39 98 60","052 34 06 65","info@sint-amands.be",,"http://www.sint-amands.be","Sint-Amands, Lippelo, Oppuurs","2890"
"SINT-GENESIUS-RODE","23101","0207505863","gemeente","Dorpsstraat","46",,"1640","Sint-Genesius-Rode","Vlaams-Brabant","02 609 86 00","02 609 86 80","info@sint-genesius-rode.be",,"http://www.sint-genesius-rode.be",,"1640"
"SINT-GILLIS-WAAS","46020","0207464093","gemeente","Burgemeester Omer De Meyplein","1",,"9170","Sint-Gillis-Waas","Oost-Vlaanderen","03 727 17 00","03 707 03 40","info@sint-gillis-waas.be",,"http://www.sint-gillis-waas.be","Sint-Gillis-Waas, De Klinge, Meerdonk, Sint-Pauwels","9170"
"SINT-KATELIJNE-WAVER","12035","0207509724","gemeente","Lemanstraat","63",,"2860","Sint-Katelijne-Waver","Antwerpen","015 30 50 00","015 30 50 01","info@skw.be",,"http://www.sint-katelijne-waver.be","Sint-Katelijne-Waver, Onze-Lieve-Vrouw-Waver","2860, 2861"
"SINT-LAUREINS","43014","0207448851","gemeente","Dorpsstraat","91",,"9980","Sint-Laureins","Oost-Vlaanderen","09 218 76 40","09 379 07 77","gemeente@sint-laureins.be","http://www.sint-laureins.be/website/ext/forms/contacteer","http://www.sint-laureins.be","Sint-Laureins, Sint-Margriete, Sint-Jan-in-Eremo, Waterland-Oudeman, Watervliet","9980, 9981, 9982, 9988"
"SINT-LIEVENS-HOUTEM","41063","0207443012","gemeente","Marktplein","3",,"9520","Sint-Lievens-Houtem","Oost-Vlaanderen","053 60 72 20","053 62 84 14","gemeente@sint-lievens-houtem.be",,"http://www.sint-lievens-houtem.be","Sint-Lievens-Houtem, Bavegem, Oombergen, Vlierzele, Zonnegem, Letterhoutem","9520, 9521"
"SINT-MARTENS-LATEM","44064","0207542782","gemeente","Dorp","1",,"9830","Sint-Martens-Latem","Oost-Vlaanderen","09 282 17 00","09 282 17 11","gemeente@sint-martens-latem.be",,"http://www.sint-martens-latem.be","Sint-Martens-Latem, Deurle","9830, 9831"
"SINT-NIKLAAS","46021","0207464192","stad","Grote Markt","1",,"9100","Sint-Niklaas","Oost-Vlaanderen","03 778 30 00 ","03 766 08 82","info@sint-niklaas.be",,"http://www.sint-niklaas.be","Sint-Niklaas, Nieuwkerken-Waas, Belsele, Sinaai-Waas","9100, 9111, 9112"
"SINT-PIETERS-LEEUW","23077","0207513484","gemeente","Pastorijstraat","21",,"1600","Sint-Pieters-Leeuw","Vlaams-Brabant","02 371 22 11","02 377 54 87","info@sint-pieters-leeuw.be",,"http://www.sint-pieters-leeuw.be","Sint-Pieters-Leeuw, Oudenaken, Sint-Laureins-Berchem, Ruisbroek, Vlezenbeek","1600, 1601, 1602"
"SINT-TRUIDEN","71053","0207469934","stad","Kazernestraat","13",,"3800","Sint-Truiden","Limburg","011 70 14 14","011 70 14 50","info@sint-truiden.be",,"http://www.sint-truiden.be","Aalst, Brustem, Engelmanshoven, Gelinden, Groot-Gelmen, Halmaal, Kerkom-bij-Sint-Truiden, Ordingen, Zepperen, Duras, Gorsem, Runkelen, Wilderen, Velm, Sint-Truiden","3800, 3803, 3806"
"SPIERE-HELKIJN","34043","0216770650","gemeente","Oudenaardseweg","71",,"8587","Spiere-Helkijn","West-Vlaanderen","056 45 55 57","056 45 69 30","info@spiere-helkijn.be",,"http://www.spiere-helkijn.be","Spiere, Helkijn","8587"
"STABROEK","11044","0207537834","gemeente","Dorpsstraat","99",,"2940","Stabroek","Antwerpen","03 568 80 80","03 568 19 29","gemeente@stabroek.be",,"http://www.stabroek.be","Stabroek, Hoevenen","2940"
"STADEN","36019","0207488344","gemeente","Marktplaats","2",,"8840","Staden","West-Vlaanderen","051 70 82 00","051 70 42 86","info@staden.be",,"http://www.staden.be","Staden, Oostnieuwkerke, Westrozebeke","8840"
"STEENOKKERZEEL","23081","0206561993","gemeente","Orchidee�nlaan","17",,"1820","Steenokkerzeel","Vlaams-Brabant","02 254 19 00","02 254 19 02","info@steenokkerzeel.be",,"http://www.steenokkerzeel.be","Steenokkerzeel, Melsbroek, Perk","1820"
"STEKENE","46024","0207464489","gemeente","Stadionstraat","2",,"9190","Stekene","Oost-Vlaanderen","03 790 02 11","03 790 02 10","gemeente@stekene.be",,"http://www.stekene.be","Stekene, Kemzeke","9190"
"TEMSE","46025","0207464588","gemeente","Frans Boelplein","1",,"9140","Temse","Oost-Vlaanderen","03 710 12 12","03 711 01 01","gemeente@temse.be",,"http://www.temse.be","Temse, Elversele, Steendorp, Tielrode","9140"
"TERNAT","23086","0207514276","gemeente","Gemeentehuisstraat","21",,"1740","Ternat","Vlaams-Brabant","02 451 45 45","02 582 77 85","info@ternat.be",,"http://www.ternat.be","Ternat, Wambeek, Sint-Katherina-Lombeek","1740, 1741, 1742"
"TERVUREN","24104","0207525461","gemeente","Markt","7A ","2","3080","Tervuren","Vlaams-Brabant","02 766 52 01","02 766 53 96","info@tervuren.be",,"http://www.tervuren.be","Tervuren, Duisburg, Vossem","3080"
"TESSENDERLO","71057","0207470330","gemeente","Markt",,,"3980","Tessenderlo","Limburg","013 66 17 15","013 67 36 93","onthaal@tessenderlo.be",,"http://www.tessenderlo.be",,"3980"
"TIELT","37015","0207438458","stad","Markt","13",,"8700","Tielt","West-Vlaanderen","051 42 81 11","051 40 51 89","info@tielt.be",,"http://www.tielt.be","Tielt, Aarsele, Kanegem, Schuiferskapelle","8700"
"TIELT-WINGE","24135","0216769660","gemeente","Kruisstraat","2",,"3390","Tielt-Winge","Vlaams-Brabant","016 63 40 08","016 63 95 48","secretariaat@tielt-winge.be ",,"http://www.tielt-winge.be","Houwaart, Sint-Joris-Winge, Tielt, Meensel-Kiezegem","3390, 3391"
"TIENEN","24107","0207525758","stad","Grote Markt","27",,"3300","Tienen","Vlaams-Brabant","016�80�57�00","016 82 30 71","info@tienen.be",,"http://www.tienen.be","Tienen, Bost, Goetsenhoven, Hakendover, Kumtich, Oorbeek, Oplinter, Sint-Margriete-Houtem, Vissenaken","3300"
"TONGEREN","73083","0207067482","stad","Maastrichterstraat","10",,"3700","Tongeren","Limburg","012 80 00 00","012 80 02 10","info@stadtongeren.be",,"http://www.tongeren.be","Tongeren, 's Herenelderen, Berg, Diets-Heur, Haren, Henis, Kolmont, Koniksem, Lauw, Mal, Neerrepen, Nerem, Overrepen, Piringen, Riksingen, Rutten, Sluizen, Vreren, Widooie","3700"
"TORHOUT","31033","0207530609","stad","Aartrijkestraat","11","B","8820","Torhout","West-Vlaanderen","050 22 11 22","050 22 05 80","info@torhout.be",,"http://www.torhout.be",,"8820"
"TREMELO","24109","0207525956","gemeente","Veldonkstraat","1",,"3120","Tremelo","Vlaams-Brabant","016 53 16 66","016 52 54 09","info@tremelo.be",,"http://www.tremelo.be","Tremelo, Baal","3120, 3128"
"TURNHOUT","13040","0207533082","stad","Campus Blairon","200",,"2300","Turnhout","Antwerpen","014 44 33 11","014 43 92 75","stad@turnhout.be",,"http://www.turnhout.be",,"2300"
"VEURNE","38025","0207494579","stad","Sint-Denisplaats","16",,"8630","Veurne","West-Vlaanderen","058 33 55 00","058 33 55 19","stadsbestuur@veurne.be",,"http://www.veurne.be","Veurne, Avekapelle, Booitshoeke, Bulskamp, De Moeren, Eggewaartskapelle, Houtem, Steenkerke, Vinkem, Wulveringem, Zoutenaaie","8630"
"VILVOORDE","23088","0207514474","stad","Grote Markt",,,"1800","Vilvoorde","Vlaams-Brabant","02 255 45 11","02 255 47 80","info@vilvoorde.be","http://www.vilvoorde.be/Dienstverlening_Meldingen/default.aspx","http://www.vilvoorde.be","Vilvoorde, Peutie","1800"
"VLETEREN","33041","0216770452","gemeente","Kasteelstraat","39",,"8640","Vleteren","West-Vlaanderen","057 40 00 99","057 40 13 66","info@vleteren.be",,"http://www.vleteren.be","Oostvleteren, Westvleteren, Woesten","8640"
"VOEREN","73109","0216773422","gemeente","Gemeenteplein","1",,"3798","Voeren","Limburg","04 381 99 40","04 381 22 27","info@devoor.be",,"http://www.voeren.be","Moelingen, Sint-Martens-Voeren, Remersdaal, Sint-Pieters-Voeren, Teuven, 's Gravenvoeren","3790, 3791, 3792, 3793, 3798"
"VORSELAAR","13044","0207215160","gemeente","Markt","14",,"2290","Vorselaar","Antwerpen","014 50 11 01","014 51 10 05","info@vorselaar.be",,"http://www.vorselaar.be",,"2290"
"VOSSELAAR","13046","0207534765","gemeente","Cingel","7",,"2350","Vosselaar","Antwerpen","014 60 08 20","014 61 54 21","gemeente@vosselaar.be",,"http://www.vosselaar.be",,"2350"
"WAARSCHOOT","44072","0207455977","gemeente","Dorp","1",,"9950","Waarschoot","Oost-Vlaanderen","09 250 59 00","09 250 59 55","info@waarschoot.be",,"http://www.waarschoot.be",,"9950"
"WAASMUNSTER","42023","0207447069","gemeente","Vierschaar","1",,"9250","Waasmunster","Oost-Vlaanderen","052 46 00 11","052 46 10 36","informatie@waasmunster.be",,"http://www.waasmunster.be",,"9250"
"WACHTEBEKE","44073","0207456076","gemeente","Dorp","61",,"9185","Wachtebeke","Oost-Vlaanderen","09 345 01 35","09 342 93 02","info@wachtebeke.be",,"http://www.wachtebeke.be",,"9185"
"WAREGEM","34040","0207433708","stad","Gemeenteplein","2",,"8790","Waregem","West-Vlaanderen","056 62 12 11","056 62 12 23","secretariaat@waregem.be",,"http://www.waregem.be","Waregem, Beveren, Desselgem, Sint-Eloois-Vijve","8790, 8791, 8792, 8793"
"WELLEN","73098","0207483691","gemeente","Dorpsstraat","25",,"3830","Wellen","Limburg","012 67 07 00","012 74 58 70","info@wellen.be",,"http://www.wellen.be","Wellen, Berlingen, Herten, Ulbeek","3830, 3831, 3832"
"WEMMEL","23102","0207533379","gemeente","Dr. H. Folletlaan ",28,,"1780","Wemmel","Vlaams-Brabant","02 462 05 00","02 462 05 79","info@wemmel.be",,"http://www.wemmel.be",,"1780"
"WERVIK","33029","0207493391","stad","Sint-Maartensplein","16",,"8940","Wervik","West-Vlaanderen","056 30 01 01","056 95 21 49","info@wervik.be",,"http://www.wervik.be","Wervik, Geluwe","8940"
"WESTERLO","13049","0207505566","gemeente","Boerenkrijglaan","61",,"2260","Westerlo","Antwerpen","014 54 75 75","014 54 11 54","info@westerlo.be",,"http://www.westerlo.be","Westerlo, Oevel, Tongerlo, Zoerle-Parwijs","2260"
"WETTEREN","42025","0207447366","gemeente","Markt","1",,"9230","Wetteren","Oost-Vlaanderen","09 369 00 50","09 366 67 22","wetteren@wetteren.be",,"http://www.wetteren.be","Wetteren, Massemen, Westrem","9230"
"WEVELGEM","34041","0207488641","gemeente","Vanackerestraat","16",,"8560","Wevelgem","West-Vlaanderen","056 43 34 00","056 43 34 01","info@wevelgem.be",,"http://www.wevelgem.be","Wevelgem, Gullegem, Moorsele","8560"
"WEZEMBEEK-OPPEM","23103","0207506061","gemeente","Louis Marcelisstraat","134",,"1970","Wezembeek-Oppem","Vlaams-Brabant","02 783 12 11","02 731 06 72","info@wezembeek-oppem.be",,"http://www.wezembeek-oppem.be",,"1970"
"WICHELEN","42026","0207447465","gemeente","Oud Dorp","2",,"9260","Wichelen","Oost-Vlaanderen","052 43 24 00","052 42 64 16","gemeentebestuur@wichelen.be",,"http://www.wichelen.be","Wichelen, Schellebelle, Serskamp","9260"
"WIELSBEKE","37017","0207437864","gemeente","Rijksweg","314",,"8710","Wielsbeke","West-Vlaanderen","056 67 32 00","056 67 32 49","info@wielsbeke.be",,"http://www.wielsbeke.be","Wielsbeke, Ooigem, Sint-Baafs-Vijve","8710"
"WIJNEGEM","11050","0207533775","gemeente","Turnhoutsebaan","422",,"2110","Wijnegem","Antwerpen","03 288 21 10","03 288 21 29","gemeente@wijnegem.be",,"http://www.wijnegem.be",,"2110"
"WILLEBROEK","12040","0207501113","gemeente","Pastorijstraat","1",,"2830","Willebroek","Antwerpen","0800 92 830","03 886 16 32","info@willebroek.be",,"http://www.willebroek.be","Willebroek, Blaasveld, Heindonk, Tisselt","2830"
"WINGENE","37018","0207495470","gemeente","Oude Bruggestraat","13",,"8750","Wingene","West-Vlaanderen","051 65 00 60","051 65 70 78","info@wingene.be",,"http://www.wingene.be","Wingene, Zwevezele","8750"
"WOMMELGEM","11052","0207535161","gemeente","Kaakstraat","2",,"2160","Wommelgem","Antwerpen","03 355 12 50","03 353 40 26","info@wommelgem.be",,"http://www.wommelgem.be",,"2160"
"WORTEGEM-PETEGEM","45061","0207689965","gemeente","Waregemseweg","35",,"9790","Wortegem-Petegem","Oost-Vlaanderen","056 68 81 14","056 68 04 97","gemeente@wortegem-petegem.be","http://www.wortegem-petegem.be/node/97","http://www.wortegem-petegem.be","Elsegem, Moregem, Ooike, Petegem-aan-de-Schelde, Wortegem","9790"
"WUUSTWEZEL","11053","0207537735","gemeente","Gemeentepark","1",,"2990","Wuustwezel","Antwerpen","03 690 46 00","03 690 46 02","gemeente@wuustwezel.be",,"http://www.wuustwezel.be","Wuustwezel, Loenhout","2990"
"ZANDHOVEN","11054","0207539220","gemeente","Liersebaan","12",,"2240","Zandhoven","Antwerpen","03 484 30 20","03 484 62 55","info@zandhoven.be",,"http://www.zandhoven.be","Zandhoven, Massenhoven, Pulderbos, Pulle, Viersel","2240, 2242, 2243"
"ZAVENTEM","23094","0207515068","gemeente","Stationsstraat","8",,"1930","Zaventem","Vlaams-Brabant","02 720 35 50","02 717 88 39","info@zaventem.be",,"http://www.zaventem.be","Zaventem, Nossegem, Sint-Stevens-Woluwe, Sterrebeek","1930, 1932, 1933"
"ZEDELGEM","31040","0207531302","gemeente","Snellegemsestraat","1",,"8210","Zedelgem","West-Vlaanderen","050 28 83 30","050 20 82 28","info@zedelgem.be",,"http://www.zedelgem.be","Zedelgem, Loppem, Veldegem, Aartrijke","8210, 8211"
"ZELE","42028","0207447663","gemeente","Markt","50",,"9240","Zele","Oost-Vlaanderen","052 45 98 10","052 45 98 18","info@zele.be",,"http://www.zele.be",,"9240"
"ZELZATE","43018","0207449346","gemeente","Grote Markt","1",,"9060","Zelzate","Oost-Vlaanderen","09 342 20 20","09 342 20 21","onthaal@zelzate.be",,"http://www.zelzate.be",,"9060"
"ZEMST","23096","0207515266","gemeente","De Griet","1",,"1980","Zemst","Vlaams-Brabant","015 61 88 90","015 62 71 77","info@zemst.be",,"http://www.zemst.be","Zemst, Eppegem, Hofstade, Elewijt, Weerde","1980, 1981, 1982"
"ZINGEM","45057","0207461917","gemeente","Alfred Amelotstraat","53",,"9750","Zingem","Oost-Vlaanderen","09 389 01 00","09 389 01 49","info@zingem.be",,"http://www.zingem.be","Zingem, Huise, Ouwegem","9750"
"ZOERSEL","11055","0207499133","gemeente","Handelslei","167",,"2980","Zoersel","Antwerpen","03 298 00 00","03 298 09 00","gemeente@zoersel.be",,"http://www.zoersel.be","Zoersel, Halle","2980"
"ZOMERGEM","44080","0207456769","gemeente","Markt","1",,"9930","Zomergem","Oost-Vlaanderen","09 370 75 75","09 370 75 71","gemeente@zomergem.be",,"http://www.zomergem.be","Zomergem, Oostwinkel, Ronsele","9930, 9931, 9932"
"ZONHOVEN","71066","0207471221","gemeente","Kerkplein","1",,"3520","Zonhoven","Limburg","011 81 04 11","011 81 81 24","info@zonhoven.be",,"http://www.zonhoven.be",,"3520"
"ZONNEBEKE","33037","0207432124","gemeente","Langemarkstraat","8",,"8980","Zonnebeke","West-Vlaanderen","051 48 00 60","051 78 07 40","info@zonnebeke.be",,"http://www.zonnebeke.be","Zonnebeke, Beselare, Geluveld, Passendale, Zandvoorde","8980"
"ZOTTEGEM","41081","0207444990","stad","Gustaaf Schockaertstraat","7",,"9620","Zottegem","Oost-Vlaanderen","09 364 65 00","09 364 64 71","info@zottegem.be",,"http://www.zottegem.be","Zottegem, Elene, Erwertegem, Godveerdegem, Grotenberge, Leeuwergem, Oombergen, Sint-Goriks-Oudenhove, Sint-Maria-Oudenhove, Strijpen, Velzeke-Ruddershove","9620"
"ZOUTLEEUW","24130","0207527540","stad","Vincent Betsstraat","15",,"3440","Zoutleeuw","Vlaams-Brabant","011 78 91 70","011 78 42 22","info@zoutleeuw.be",,"http://www.zoutleeuw.be","Zoutleeuw, Budingen, Dormaal, Halle-Booienhoven, Helen-Bos","3440"
"ZUIENKERKE","31042","0207531597","gemeente","Kerkstraat","17",,"8377","Zuienkerke","West-Vlaanderen","050 43 20 50","050 43 20 59","secretaris@zuienkerke.be","www.zuienkerke.be","http://www.zuienkerke.be","Zuienkerke, Houtave, Meetkerke, Nieuwmunster","8377"
"ZULTE","44081","0207456868","gemeente","Centrumstraat","8",,"9870","Zulte","Oost-Vlaanderen","09 243 14 00","09 243 14 01","info@zulte.be","http://www.zulte.be/website/ext/forms/melding","http://www.zulte.be","Zulte, Machelen, Olsene","9870"
"ZUTENDAAL","71067","0207471320","gemeente","Oosterzonneplein","1",,"3690","Zutendaal","Limburg","089 62 94 20","089 62 94 30","informatie@zutendaal.be",,"http://www.zutendaal.be",,"3690"
"ZWALM","45065","0216772036","gemeente","Zuidlaan","36",,"9630","Zwalm","Oost-Vlaanderen","055 49 91 91","055 48 05 99","info@zwalm.be",,"http://www.zwalm.be","Beerlegem, Dikkele, Hundelgem, Meilegem, Munkzwalm, Paulatem, Roborst, Rozebeke, Sint-Blasius-Boekel, Sint-Denijs-Boekel, Sint-Maria-Latem, Nederzwalm-Hermelgem","9630, 9636"
"ZWEVEGEM","34042","0207484582","gemeente","Blokkestraat","29","1","8550","Zwevegem","West-Vlaanderen","056 76 55 67","056 76 55 68","info@zwevegem.be",,"http://www.zwevegem.be","Zwevegem, Heestert, Moen, Otegem, Sint-Denijs","8550, 8551, 8552, 8553, 8554"
"ZWIJNDRECHT","11056","0207499232","gemeente","Binnenplein","1",,"2070","Zwijndrecht","Antwerpen","03 250 48 00","03 250 48 09","info@zwijndrecht.be",,"http://www.zwijndrecht.be","Zwijndrecht, Burcht","2070"
